Subject_ID,Group,Age,BMI,MoCA,MMSE,Estradiol_pg_mL,PPD_mm,CAL_mm,BOP_percent,APOE_rs429358,APOE_rs7412,APOE_Genotype,TREM2_rs75932628,TREM2_Status
SUB_001,Early_AD,68,24.5,21,23,0.85,4.2,4.5,65.0,T/C,C/C,e3/e4,C/C,Non_Carrier
SUB_002,Early_AD,72,26.1,19,21,0.62,4.5,4.8,70.5,C/C,C/C,e4/e4,C/C,Non_Carrier
SUB_003,Early_AD,65,22.8,24,25,1.10,3.5,3.6,45.0,T/T,C/C,e3/e3,C/C,Non_Carrier
SUB_004,Early_AD,74,28.3,18,20,0.51,5.1,5.4,80.0,T/C,C/C,e3/e4,C/T,Carrier
SUB_005,Early_AD,69,25.4,22,24,0.95,3.9,4.0,55.5,T/C,C/C,e3/e4,C/C,Non_Carrier
SUB_006,Early_AD,71,23.9,20,22,0.78,4.4,4.7,68.0,T/C,C/C,e3/e4,C/C,Non_Carrier
SUB_007,Early_AD,66,27.1,23,25,1.05,3.6,3.8,48.5,T/T,C/C,e3/e3,C/C,Non_Carrier
SUB_008,Early_AD,73,24.8,19,21,0.68,4.8,5.0,75.0,T/C,C/C,e3/e4,C/C,Non_Carrier
SUB_009,Early_AD,67,26.5,21,24,0.92,4.0,4.2,58.0,T/T,C/C,e3/e3,C/C,Non_Carrier
SUB_010,Early_AD,75,22.1,18,20,0.45,5.5,5.8,85.0,C/C,C/C,e4/e4,C/C,Non_Carrier
SUB_011,Early_AD,68,25.9,22,23,0.88,4.1,4.3,60.5,T/T,C/C,e3/e3,C/C,Non_Carrier
SUB_012,Early_AD,70,24.3,20,21,0.72,4.6,4.9,72.0,T/C,C/C,e3/e4,C/C,Non_Carrier
SUB_013,Early_AD,65,27.6,24,26,1.15,3.3,3.5,42.0,T/T,C/C,e3/e3,C/C,Non_Carrier
SUB_014,Early_AD,72,23.5,19,22,0.58,4.9,5.2,78.5,T/C,C/C,e3/e4,C/C,Non_Carrier
SUB_015,Early_AD,69,26.8,21,24,0.82,4.3,4.5,62.0,T/C,C/C,e3/e4,C/C,Non_Carrier
SUB_016,Early_AD,74,25.2,18,20,0.49,5.3,5.6,82.5,C/C,C/C,e4/e4,C/T,Carrier
SUB_017,Early_AD,67,24.1,23,25,1.02,3.7,3.9,50.0,T/T,C/C,e3/e3,C/C,Non_Carrier
SUB_018,Early_AD,71,28.0,20,23,0.75,4.5,4.8,69.0,T/C,C/C,e3/e4,C/C,Non_Carrier
SUB_019,Early_AD,66,23.4,22,25,0.98,3.8,4.0,54.0,T/T,C/C,e3/e3,C/C,Non_Carrier
SUB_020,Early_AD,73,26.3,19,21,0.65,4.7,5.0,74.5,T/C,C/C,e3/e4,C/C,Non_Carrier
SUB_021,HC,67,24.2,28,29,2.45,2.1,2.0,15.0,T/T,C/C,e3/e3,C/C,Non_Carrier
SUB_022,HC,71,25.8,29,30,2.10,2.4,2.2,20.0,T/T,C/C,e3/e3,C/C,Non_Carrier
SUB_023,HC,66,23.1,27,28,3.15,1.8,1.5,10.5,T/T,C/T,e2/e3,C/C,Non_Carrier
SUB_024,HC,73,26.5,30,30,1.95,2.6,2.5,25.0,T/C,C/C,e3/e4,C/C,Non_Carrier
SUB_025,HC,68,24.9,28,29,2.60,2.2,2.1,18.0,T/T,C/C,e3/e3,C/C,Non_Carrier
SUB_026,HC,70,25.4,29,30,2.25,2.3,2.2,19.5,T/T,C/C,e3/e3,C/C,Non_Carrier
SUB_027,HC,65,22.7,27,28,3.40,1.9,1.8,12.0,T/T,T/T,e2/e2,C/C,Non_Carrier
SUB_028,HC,72,27.2,28,29,1.85,2.8,2.7,28.5,T/C,C/C,e3/e4,C/C,Non_Carrier
SUB_029,HC,69,23.8,30,30,2.80,2.0,1.9,14.0,T/T,C/C,e3/e3,C/C,Non_Carrier
SUB_030,HC,74,25.1,29,30,1.75,2.7,2.6,26.0,T/T,C/C,e3/e3,C/C,Non_Carrier
SUB_031,HC,67,26.4,27,29,2.55,2.1,2.0,16.5,T/T,C/C,e3/e3,C/C,Non_Carrier
SUB_032,HC,71,24.5,28,29,2.15,2.5,2.4,22.0,T/C,C/C,e3/e4,C/C,Non_Carrier
SUB_033,HC,66,27.8,29,30,3.05,1.7,1.6,11.5,T/T,C/C,e3/e3,C/C,Non_Carrier
SUB_034,HC,73,23.6,28,29,1.90,2.9,2.8,29.0,T/T,C/C,e3/e3,C/C,Non_Carrier
SUB_035,HC,68,25.5,30,30,2.70,2.2,2.0,17.0,T/T,C/T,e2/e3,C/C,Non_Carrier
SUB_036,HC,70,26.1,27,28,2.30,2.4,2.3,21.5,T/C,C/C,e3/e4,C/C,Non_Carrier
SUB_037,HC,65,24.7,29,30,3.25,1.8,1.7,13.0,T/T,C/C,e3/e3,C/C,Non_Carrier
SUB_038,HC,72,23.9,28,29,1.80,2.6,2.5,27.5,T/T,C/C,e3/e3,C/C,Non_Carrier
SUB_039,HC,69,27.4,29,30,2.90,1.9,1.8,15.5,T/T,C/C,e3/e3,C/C,Non_Carrier
SUB_040,HC,74,25.0,30,30,1.65,2.8,2.7,28.0,T/T,C/C,e3/e3,C/C,Non_Carrier
